# param1,param2,param3
-1.3982597337116331,0.35391031345532786,-0.21261326033192948
<<<<<<< HEAD
<<<<<<< HEAD
<<<<<<< HEAD
-2.7890613589534947,0.622182935396931,-0.2557225907980746
-0.9460213202189272,-0.03150491109000724,-0.13837891570482252
=======
-2.807639631381245,0.7381822390049413,-0.27830654335009786
-0.5125214009869775,-0.2891849631131059,-0.0842111361765569
>>>>>>> 96abfb0 (Added csv output of clover efficiency fit parameters)
=======
-2.7890613589534947,0.622182935396931,-0.2557225907980746
-0.9460213202189272,-0.03150491109000724,-0.13837891570482252
>>>>>>> 9a47d8d (analysis of efficiencies assymetries)
=======
-2.7890613589534947,0.622182935396931,-0.2557225907980746
-0.9460213202189272,-0.03150491109000724,-0.13837891570482252
>>>>>>> e9e0b75 (recover)
